{"GW": 6.05, 
"DFT": 3.830, 
"DFT+U": 4.623, 
"DFT+V": 3.955, 
"DFT+U+V": 4.738, 
"Expt": [6.1, 7.08], 
"hf": 6.164964050734966,
"ccsd": 6.1585804753715365, 
"ccsdt": 6.158545565745385, 
"hci": 6.1585428096922215, 
"sqd": 6.253244999914045, 
"ext_sqd": 6.899903771369964,
"tb":3.831279731568088,
"u":3.8312797315694525,
"v":6.1040641055398055}