{"hci_energy": -331.45851203780717, "max_iter": 100, "addresses_alpha": 30, "addresses_beta": 30, "subspace_dimension": 900, "ground_state_support": 130, "variance": 6.264617571130054e-08, "space_fraction": 1.5047194094794886e-08}