{"hci_energy": -331.45760641322585, "max_iter": 100, "addresses_alpha": 13, "addresses_beta": 13, "subspace_dimension": 169, "ground_state_support": 47, "variance": 3.84085639982926e-07, "space_fraction": 2.825528668911484e-09}