{"hci_energy": -331.45738823953303, "max_iter": 100, "addresses_alpha": 13, "addresses_beta": 13, "subspace_dimension": 169, "ground_state_support": 40, "variance": 4.729775251986248e-07, "space_fraction": 2.825528668911484e-09}