{"hci_energy": -331.45834327951155, "max_iter": 100, "addresses_alpha": 19, "addresses_beta": 19, "subspace_dimension": 361, "ground_state_support": 90, "variance": 1.1461202646824533e-07, "space_fraction": 6.035596742467726e-09}