{"hci_energy": -331.4584891804776, "max_iter": 100, "addresses_alpha": 27, "addresses_beta": 27, "subspace_dimension": 729, "ground_state_support": 120, "variance": 7.382840535210494e-08, "space_fraction": 1.2188227216783856e-08}