{"hci_energy": -331.45870109627356, "max_iter": 100, "addresses_alpha": 410, "addresses_beta": 410, "subspace_dimension": 168100, "ground_state_support": 5470, "variance": -2.9139627022958787e-15, "space_fraction": 2.8104814748166892e-06}