{"hci_energy": -331.4577249280946, "max_iter": 100, "addresses_alpha": 13, "addresses_beta": 13, "subspace_dimension": 169, "ground_state_support": 51, "variance": 3.365585723847445e-07, "space_fraction": 2.825528668911484e-09}