{"hci_energy": -331.45741054070663, "max_iter": 100, "addresses_alpha": 13, "addresses_beta": 13, "subspace_dimension": 169, "ground_state_support": 41, "variance": 4.6363518014051385e-07, "space_fraction": 2.825528668911484e-09}