{"hci_energy": -331.45849508802274, "max_iter": 100, "addresses_alpha": 28, "addresses_beta": 28, "subspace_dimension": 784, "ground_state_support": 124, "variance": 7.155603826959411e-08, "space_fraction": 1.3107777967021322e-08}