{"hci_energy": -331.45868669415125, "max_iter": 100, "addresses_alpha": 34, "addresses_beta": 34, "subspace_dimension": 1156, "ground_state_support": 228, "variance": 6.184296428053151e-09, "space_fraction": 1.9327284859536543e-08}