{"hci_energy": -331.45799247295145, "max_iter": 100, "addresses_alpha": 13, "addresses_beta": 13, "subspace_dimension": 169, "ground_state_support": 62, "variance": 2.324973873630178e-07, "space_fraction": 2.825528668911484e-09}