{"hci_energy": -331.4583531761416, "max_iter": 100, "addresses_alpha": 19, "addresses_beta": 19, "subspace_dimension": 361, "ground_state_support": 92, "variance": 1.1053097026491621e-07, "space_fraction": 6.035596742467726e-09}