{"hci_energy": -331.45852320236065, "max_iter": 100, "addresses_alpha": 30, "addresses_beta": 30, "subspace_dimension": 900, "ground_state_support": 136, "variance": 5.625638297942011e-08, "space_fraction": 1.5047194094794886e-08}