{"hci_energy": -331.45812210609364, "max_iter": 100, "addresses_alpha": 15, "addresses_beta": 15, "subspace_dimension": 225, "ground_state_support": 72, "variance": 1.8192641926771474e-07, "space_fraction": 3.7617985236987216e-09}