{"hci_energy": -331.458051724769, "max_iter": 100, "addresses_alpha": 13, "addresses_beta": 13, "subspace_dimension": 169, "ground_state_support": 66, "variance": 2.0882226241865375e-07, "space_fraction": 2.825528668911484e-09}