{"hci_energy": -331.4584223659359, "max_iter": 100, "addresses_alpha": 23, "addresses_beta": 23, "subspace_dimension": 529, "ground_state_support": 106, "variance": 9.195415932068404e-08, "space_fraction": 8.844406306829438e-09}