{"hci_energy": -331.4580289507655, "max_iter": 100, "addresses_alpha": 13, "addresses_beta": 13, "subspace_dimension": 169, "ground_state_support": 64, "variance": 2.1798716536183675e-07, "space_fraction": 2.825528668911484e-09}