{"hci_energy": -331.4576671755415, "max_iter": 100, "addresses_alpha": 13, "addresses_beta": 13, "subspace_dimension": 169, "ground_state_support": 49, "variance": 3.590633726243855e-07, "space_fraction": 2.825528668911484e-09}