{"hci_energy": -331.4583324351379, "max_iter": 100, "addresses_alpha": 19, "addresses_beta": 19, "subspace_dimension": 361, "ground_state_support": 88, "variance": 1.1887878102742128e-07, "space_fraction": 6.035596742467726e-09}