{"hci_energy": -331.45817697918056, "max_iter": 100, "addresses_alpha": 15, "addresses_beta": 15, "subspace_dimension": 225, "ground_state_support": 74, "variance": 1.610077015385655e-07, "space_fraction": 3.7617985236987216e-09}