{"hci_energy": -331.4578177864965, "max_iter": 100, "addresses_alpha": 13, "addresses_beta": 13, "subspace_dimension": 169, "ground_state_support": 55, "variance": 3.011207315824419e-07, "space_fraction": 2.825528668911484e-09}