{"sqd_energy": -331.43741951280714, "best_batch": 0, "samples_per_batch": 10000, "addresses_alpha": 7146, "addresses_beta": 9719, "dice_subspace_dimension": 284428225, "pyscf_subspace_dimension": 69451974, "ground_state_support": 7, "variance": 8.439496012950763e-06}