{"sqd_energy": -331.4704490763067, "best_batch": 0, "samples_per_batch": 4000, "addresses_alpha": 3275, "addresses_beta": 3944, "dice_subspace_dimension": 52113961, "pyscf_subspace_dimension": 12916600, "ground_state_support": 11049350, "variance": -9.71348035487788e-05}