{"sqd_energy": -331.43418354372125, "best_batch": 0, "samples_per_batch": 2000, "addresses_alpha": 1749, "addresses_beta": 1978, "dice_subspace_dimension": 13890529, "pyscf_subspace_dimension": 3459522, "ground_state_support": 3184460, "variance": 1.3821955417404712e-05}