{"sqd_energy": -331.43772260135427, "best_batch": 0, "samples_per_batch": 20000, "addresses_alpha": 12800, "addresses_beta": 18966, "dice_subspace_dimension": 1009078756, "pyscf_subspace_dimension": 242764800, "ground_state_support": 43, "variance": 8.30686995457064e-06}