{"sqd_energy": -331.43813700207477, "best_batch": 0, "samples_per_batch": 1000, "addresses_alpha": 928, "addresses_beta": 995, "dice_subspace_dimension": 3697929, "pyscf_subspace_dimension": 923360, "ground_state_support": 883433, "variance": 2.7348042343752123e-06}