{"sqd_energy": -331.43741941132964, "best_batch": 0, "samples_per_batch": 8000, "addresses_alpha": 5889, "addresses_beta": 7815, "dice_subspace_dimension": 187799616, "pyscf_subspace_dimension": 46022535, "ground_state_support": 4, "variance": 8.439510195175604e-06}