{"sqd_energy": -338.1848772116826, "best_batch": 0, "samples_per_batch": 4, "addresses_alpha": 6059, "addresses_beta": 6202, "dice_subspace_dimension": 150332121, "pyscf_subspace_dimension": 37577918, "ground_state_support": 5289, "variance": -5.3439339320501005e-15}