{"sqd_energy": -338.18487714385185, "best_batch": 0, "samples_per_batch": 3, "addresses_alpha": 6059, "addresses_beta": 4206, "dice_subspace_dimension": 105370225, "pyscf_subspace_dimension": 25484154, "ground_state_support": 4990, "variance": -5.5984069786792164e-15}