{"sqd_energy": -338.1848663238413, "best_batch": 0, "samples_per_batch": 2, "addresses_alpha": 4550, "addresses_beta": 2586, "dice_subspace_dimension": 50922496, "pyscf_subspace_dimension": 11766300, "ground_state_support": 4015, "variance": 5.0950932131574775e-09}