{"sqd_energy": -338.1848772118394, "best_batch": 0, "samples_per_batch": 5, "addresses_alpha": 7524, "addresses_beta": 6202, "dice_subspace_dimension": 188403076, "pyscf_subspace_dimension": 46663848, "ground_state_support": 5308, "variance": -6.998008720535312e-15}