{"sqd_energy": -338.1848776456982, "best_batch": 0, "samples_per_batch": 5001, "addresses_alpha": 7524, "addresses_beta": 7721, "dice_subspace_dimension": 232410025, "pyscf_subspace_dimension": 58092804, "ground_state_support": 5745, "variance": -8.906556530555986e-15}