{"sqd_energy": -338.1848559371287, "best_batch": 0, "samples_per_batch": 1, "addresses_alpha": 2485, "addresses_beta": 2586, "dice_subspace_dimension": 25715041, "pyscf_subspace_dimension": 6426210, "ground_state_support": 3517, "variance": 1.020057477047518e-08}