{"hci_energy": -338.1841949916755, "max_iter": 100, "addresses_alpha": 15, "addresses_beta": 19, "subspace_dimension": 285, "ground_state_support": 78, "variance": 1.9980890337482593e-07, "space_fraction": 2.7490066134721425e-09}