{"hci_energy": -338.1845752119743, "max_iter": 100, "addresses_alpha": 29, "addresses_beta": 29, "subspace_dimension": 841, "ground_state_support": 126, "variance": 9.634886912980599e-08, "space_fraction": 8.111980919052883e-09}