{"hci_energy": -338.18384591793165, "max_iter": 100, "addresses_alpha": 13, "addresses_beta": 17, "subspace_dimension": 221, "ground_state_support": 65, "variance": 3.214010209700576e-07, "space_fraction": 2.131685830095942e-09}