{"hci_energy": -338.18411760315246, "max_iter": 100, "addresses_alpha": 15, "addresses_beta": 19, "subspace_dimension": 285, "ground_state_support": 76, "variance": 2.2664077745894205e-07, "space_fraction": 2.7490066134721425e-09}