{"hci_energy": -338.18460953921914, "max_iter": 100, "addresses_alpha": 30, "addresses_beta": 30, "subspace_dimension": 900, "ground_state_support": 134, "variance": 7.88438007945758e-08, "space_fraction": 8.681073516227818e-09}