{"hci_energy": -338.1833673372648, "max_iter": 100, "addresses_alpha": 13, "addresses_beta": 13, "subspace_dimension": 169, "ground_state_support": 49, "variance": 4.668198257330282e-07, "space_fraction": 1.6301126936027792e-09}