{"hci_energy": -338.1835641135076, "max_iter": 100, "addresses_alpha": 13, "addresses_beta": 13, "subspace_dimension": 169, "ground_state_support": 55, "variance": 3.9786218599913775e-07, "space_fraction": 1.6301126936027792e-09}