{"hci_energy": -338.1830179484981, "max_iter": 100, "addresses_alpha": 13, "addresses_beta": 13, "subspace_dimension": 169, "ground_state_support": 41, "variance": 5.968094203251259e-07, "space_fraction": 1.6301126936027792e-09}