{"hci_energy": -338.1848001076077, "max_iter": 100, "addresses_alpha": 31, "addresses_beta": 33, "subspace_dimension": 1023, "ground_state_support": 160, "variance": 3.804815475514005e-08, "space_fraction": 9.867486896778953e-09}