{"hci_energy": -338.18328396499766, "max_iter": 100, "addresses_alpha": 13, "addresses_beta": 13, "subspace_dimension": 169, "ground_state_support": 47, "variance": 4.981174254681976e-07, "space_fraction": 1.6301126936027792e-09}