{"hci_energy": -338.18440668515916, "max_iter": 100, "addresses_alpha": 19, "addresses_beta": 23, "subspace_dimension": 437, "ground_state_support": 94, "variance": 1.437503751785472e-07, "space_fraction": 4.215143473990619e-09}