{"hci_energy": -338.18442238440053, "max_iter": 100, "addresses_alpha": 19, "addresses_beta": 23, "subspace_dimension": 437, "ground_state_support": 96, "variance": 1.3788597378007087e-07, "space_fraction": 4.215143473990619e-09}