{"hci_energy": -338.1840882173914, "max_iter": 100, "addresses_alpha": 15, "addresses_beta": 19, "subspace_dimension": 285, "ground_state_support": 74, "variance": 2.3706209088179517e-07, "space_fraction": 2.7490066134721425e-09}