{"hci_energy": -338.1845945322586, "max_iter": 100, "addresses_alpha": 30, "addresses_beta": 30, "subspace_dimension": 900, "ground_state_support": 128, "variance": 8.631585986411266e-08, "space_fraction": 8.681073516227818e-09}