{"hci_energy": -338.184877682226, "max_iter": 100, "addresses_alpha": 442, "addresses_beta": 489, "subspace_dimension": 216138, "ground_state_support": 6275, "variance": -5.343933917179136e-15, "space_fraction": 2.084788741833831e-06}