{"hci_energy": -338.1848563614199, "max_iter": 100, "addresses_alpha": 34, "addresses_beta": 36, "subspace_dimension": 1224, "ground_state_support": 236, "variance": 9.182475173512985e-09, "space_fraction": 1.1806259982069833e-08}