{"hci_energy": -338.1842410042755, "max_iter": 100, "addresses_alpha": 15, "addresses_beta": 19, "subspace_dimension": 285, "ground_state_support": 82, "variance": 1.8261893448914996e-07, "space_fraction": 2.7490066134721425e-09}