{"hci_energy": -338.18444377226444, "max_iter": 100, "addresses_alpha": 19, "addresses_beta": 23, "subspace_dimension": 437, "ground_state_support": 100, "variance": 1.302084011886146e-07, "space_fraction": 4.215143473990619e-09}