{"hci_energy": -338.18456152089266, "max_iter": 100, "addresses_alpha": 27, "addresses_beta": 27, "subspace_dimension": 729, "ground_state_support": 120, "variance": 1.0112986764945431e-07, "space_fraction": 7.031669548144533e-09}