{"hci_energy": -338.18350848341413, "max_iter": 100, "addresses_alpha": 13, "addresses_beta": 13, "subspace_dimension": 169, "ground_state_support": 53, "variance": 4.162759108619231e-07, "space_fraction": 1.6301126936027792e-09}