{"hci_energy": -338.1839989803329, "max_iter": 100, "addresses_alpha": 13, "addresses_beta": 17, "subspace_dimension": 221, "ground_state_support": 70, "variance": 2.6799864126097007e-07, "space_fraction": 2.131685830095942e-09}