{"hci_energy": -338.1845667377498, "max_iter": 100, "addresses_alpha": 27, "addresses_beta": 27, "subspace_dimension": 729, "ground_state_support": 122, "variance": 9.927262077777894e-08, "space_fraction": 7.031669548144533e-09}