{"hci_energy": -338.184434503753, "max_iter": 100, "addresses_alpha": 19, "addresses_beta": 23, "subspace_dimension": 437, "ground_state_support": 98, "variance": 1.3351048769597852e-07, "space_fraction": 4.215143473990619e-09}