{"sqd_energy": -331.4587005736441, "best_batch": 0, "samples_per_batch": 5, "addresses_alpha": 4995, "addresses_beta": 6440, "dice_subspace_dimension": 130759225, "pyscf_subspace_dimension": 32167800, "ground_state_support": 4488, "variance": -7.284906778712783e-15}