{"sqd_energy": -331.4587005522128, "best_batch": 0, "samples_per_batch": 3, "addresses_alpha": 4995, "addresses_beta": 4025, "dice_subspace_dimension": 81360400, "pyscf_subspace_dimension": 20104875, "ground_state_support": 4232, "variance": -8.34452958396829e-15}