{"sqd_energy": -331.4587005643141, "best_batch": 0, "samples_per_batch": 4, "addresses_alpha": 4995, "addresses_beta": 5180, "dice_subspace_dimension": 103530625, "pyscf_subspace_dimension": 25874100, "ground_state_support": 4359, "variance": -1.1655850846596524e-14}