{"sqd_energy": -331.4587007293025, "best_batch": 0, "samples_per_batch": 3000, "addresses_alpha": 9217, "addresses_beta": 6440, "dice_subspace_dimension": 245141649, "pyscf_subspace_dimension": 59357480, "ground_state_support": 4795, "variance": -8.476982425449309e-15}