{"sqd_energy": -331.4587007290289, "best_batch": 0, "samples_per_batch": 8, "addresses_alpha": 8050, "addresses_beta": 6440, "dice_subspace_dimension": 209960100, "pyscf_subspace_dimension": 51842000, "ground_state_support": 4773, "variance": -7.28490677188258e-15}