{"hci_energy": -383.6776266120558, "max_iter": 100, "addresses_alpha": 12, "addresses_beta": 12, "subspace_dimension": 144, "ground_state_support": 37, "variance": 4.6957999926268053e-07, "error_fci": 0.001990527051702884}