{"hci_energy": -383.6709691702686, "max_iter": 100, "addresses_alpha": 8, "addresses_beta": 8, "subspace_dimension": 64, "ground_state_support": 14, "variance": 2.063392771730532e-06, "error_fci": 0.0086479688388863}