{"hci_energy": -383.6591592140589, "max_iter": 100, "addresses_alpha": 1, "addresses_beta": 1, "subspace_dimension": 1, "ground_state_support": 1, "variance": 4.953737281324676e-06, "error_fci": 0.020457925048617653}