{"hci_energy": -383.6796171391073, "max_iter": 100, "addresses_alpha": 84, "addresses_beta": 88, "subspace_dimension": 7392, "ground_state_support": 398, "variance": -1.9770274333806402e-16, "error_fci": 2.2737367544323206e-13}