{"hci_energy": -383.6731173862923, "max_iter": 100, "addresses_alpha": 10, "addresses_beta": 10, "subspace_dimension": 100, "ground_state_support": 19, "variance": 1.5692728636922575e-06, "error_fci": 0.006499752815216198}