{"hci_energy": -383.6663884841495, "max_iter": 100, "addresses_alpha": 4, "addresses_beta": 4, "subspace_dimension": 16, "ground_state_support": 7, "variance": 3.222653619103558e-06, "error_fci": 0.013228654958027164}