{"hci_energy": -383.67698000084334, "max_iter": 100, "addresses_alpha": 12, "addresses_beta": 12, "subspace_dimension": 144, "ground_state_support": 33, "variance": 6.293012301811271e-07, "error_fci": 0.002637138264162786}