{"hci_energy": -383.6779668861681, "max_iter": 100, "addresses_alpha": 13, "addresses_beta": 13, "subspace_dimension": 169, "ground_state_support": 40, "variance": 3.9147581082492237e-07, "error_fci": 0.0016502529393846999}