{"hci_energy": -383.6693331593245, "max_iter": 100, "addresses_alpha": 6, "addresses_beta": 6, "subspace_dimension": 36, "ground_state_support": 11, "variance": 2.480525555692038e-06, "error_fci": 0.010283979783025643}