{"hci_energy": -383.6789842351003, "max_iter": 100, "addresses_alpha": 15, "addresses_beta": 15, "subspace_dimension": 225, "ground_state_support": 60, "variance": 1.4950570232585277e-07, "error_fci": 0.0006329040072046155}