{"hci_energy": -383.6793787959322, "max_iter": 100, "addresses_alpha": 15, "addresses_beta": 15, "subspace_dimension": 225, "ground_state_support": 80, "variance": 5.2486630190555235e-08, "error_fci": 0.0002383431752832621}