{"hci_energy": -383.6743829454883, "max_iter": 100, "addresses_alpha": 11, "addresses_beta": 11, "subspace_dimension": 121, "ground_state_support": 23, "variance": 1.2668364687952793e-06, "error_fci": 0.005234193619230609}