{"hci_energy": -389.4150383792615, "max_iter": 100, "addresses_alpha": 1, "addresses_beta": 1, "subspace_dimension": 1, "ground_state_support": 1, "variance": 4.8083787994125265e-06, "error_fci": 0.02045792504839028}