{"hci_energy": -389.43525796106127, "max_iter": 100, "addresses_alpha": 15, "addresses_beta": 15, "subspace_dimension": 225, "ground_state_support": 80, "variance": 5.094660175878277e-08, "error_fci": 0.00023834324861127243}