{"hci_energy": -389.42684833625026, "max_iter": 100, "addresses_alpha": 8, "addresses_beta": 8, "subspace_dimension": 64, "ground_state_support": 14, "variance": 2.0028478736611414e-06, "error_fci": 0.00864796805961987}