{"hci_energy": -389.4328591679621, "max_iter": 100, "addresses_alpha": 12, "addresses_beta": 12, "subspace_dimension": 144, "ground_state_support": 33, "variance": 6.108359232305845e-07, "error_fci": 0.002637136347800606}