{"hci_energy": -389.43384605307546, "max_iter": 100, "addresses_alpha": 13, "addresses_beta": 13, "subspace_dimension": 169, "ground_state_support": 40, "variance": 3.7998882253424736e-07, "error_fci": 0.0016502512344231945}