{"hci_energy": -389.42226764996707, "max_iter": 100, "addresses_alpha": 4, "addresses_beta": 4, "subspace_dimension": 16, "ground_state_support": 7, "variance": 3.128092261545726e-06, "error_fci": 0.013228654342810842}