{"hci_energy": -389.4252123251761, "max_iter": 100, "addresses_alpha": 6, "addresses_beta": 6, "subspace_dimension": 36, "ground_state_support": 11, "variance": 2.4077407453586555e-06, "error_fci": 0.010283979133760113}