{"hci_energy": -389.43486340038766, "max_iter": 100, "addresses_alpha": 15, "addresses_beta": 15, "subspace_dimension": 225, "ground_state_support": 60, "variance": 1.4511892973716787e-07, "error_fci": 0.0006329039222237043}