{"hci_energy": -389.4354963043097, "max_iter": 100, "addresses_alpha": 88, "addresses_beta": 88, "subspace_dimension": 7744, "ground_state_support": 398, "variance": -5.757054466675235e-16, "error_fci": 1.7053025658242404e-13}