{"hci_energy": -389.4289965527314, "max_iter": 100, "addresses_alpha": 10, "addresses_beta": 10, "subspace_dimension": 100, "ground_state_support": 19, "variance": 1.5232267342019725e-06, "error_fci": 0.0064997515784739335}