{"hci_energy": -389.430262112055, "max_iter": 100, "addresses_alpha": 11, "addresses_beta": 11, "subspace_dimension": 121, "ground_state_support": 23, "variance": 1.2296645757399396e-06, "error_fci": 0.00523419225487487}