{"hci_energy": -389.433505778922, "max_iter": 100, "addresses_alpha": 12, "addresses_beta": 12, "subspace_dimension": 144, "ground_state_support": 37, "variance": 4.558012969883724e-07, "error_fci": 0.001990525387896014}