{"sqd_energy": -337.8785781863443, "best_batch": 0, "samples_per_batch": 2000, "addresses_alpha": 3856, "addresses_beta": 3856, "dice_subspace_dimension": 14868736, "pyscf_subspace_dimension": 14868736, "ground_state_support": 9, "variance": 8.558792959451609e-06}