{"sqd_energy": -337.8785882174271, "best_batch": 0, "samples_per_batch": 3000, "addresses_alpha": 5694, "addresses_beta": 5694, "dice_subspace_dimension": 32421636, "pyscf_subspace_dimension": 32421636, "ground_state_support": 26, "variance": 8.556449452870179e-06}