{"sqd_energy": -337.87841271455466, "best_batch": 0, "samples_per_batch": 500, "addresses_alpha": 987, "addresses_beta": 987, "dice_subspace_dimension": 974169, "pyscf_subspace_dimension": 974169, "ground_state_support": 908376, "variance": 8.793395622496069e-06}