{"sqd_energy": -337.87861235487105, "best_batch": 0, "samples_per_batch": 9000, "addresses_alpha": 16013, "addresses_beta": 16013, "dice_subspace_dimension": 256416169, "pyscf_subspace_dimension": 256416169, "ground_state_support": 69, "variance": 8.547580936594164e-06}