{"sqd_energy": -337.87849053380125, "best_batch": 0, "samples_per_batch": 1000, "addresses_alpha": 1955, "addresses_beta": 1955, "dice_subspace_dimension": 3822025, "pyscf_subspace_dimension": 3822025, "ground_state_support": 3131273, "variance": 8.649097927738226e-06}