{"sqd_energy": -389.55440226177575, 
"best_batch": 0, 
"samples_per_batch": 120, 
"addresses_alpha": 431,
"addresses_beta": 1318, 
"dice_subspace_dimension": 3059001, 
"pyscf_subspace_dimension": 568058, 
"ground_state_support": 1842, 
"variance": -1.2849573748873154e-14, 
"error_fci": 1.961001316885813e-08}