{"sqd_energy": -389.55440066533515, 
"best_batch": 0, 
"samples_per_batch": 40, 
"addresses_alpha": 431, 
"addresses_beta": 771, 
"dice_subspace_dimension": 1444804, 
"pyscf_subspace_dimension": 332301, 
"ground_state_support": 1687, 
"variance": 4.4691393218930984e-11, 
"error_fci": 1.616050610664388e-06}