{"sqd_energy": -389.5543071072446, 
"best_batch": 0, 
"samples_per_batch": 70, 
"addresses_alpha": 431, 
"addresses_beta": 1020, 
"dice_subspace_dimension": 2105401, 
"pyscf_subspace_dimension": 439620, 
"ground_state_support": 1691, 
"variance": 2.3329057509913545e-08, 
"error_fci": 9.517414116544387e-05}