{"sqd_energy": -383.6612206125283, "best_batch": 0, "samples_per_batch": 1000, "addresses_alpha": 602, "addresses_beta": 937, "dice_subspace_dimension": 2368521, "pyscf_subspace_dimension": 564074, "ground_state_support": 16, "variance": 4.447039087665406e-06, "error_fci": 0.018396526579181227}