{"sqd_energy": -383.66716445418166, "best_batch": 0, "samples_per_batch": 10000, "addresses_alpha": 3163, "addresses_beta": 6419, "dice_subspace_dimension": 91814724, "pyscf_subspace_dimension": 20303297, "ground_state_support": 150, "variance": 3.000158363526125e-06, "error_fci": 0.01245268492584728}