{"sqd_energy": -383.67498047725917, "best_batch": 0, "samples_per_batch": 20000, "addresses_alpha": 4712, "addresses_beta": 9810, "dice_subspace_dimension": 210888484, "pyscf_subspace_dimension": 46224720, "ground_state_support": 300, "variance": 1.1182876300133098e-06, "error_fci": 0.004636661848337553}