{"sqd_energy": -383.6604743780496, "best_batch": 0, "samples_per_batch": 500, "addresses_alpha": 350, "addresses_beta": 486, "dice_subspace_dimension": 698896, "pyscf_subspace_dimension": 170100, "ground_state_support": 12, "variance": 4.640948673994543e-06, "error_fci": 0.019142761057878488}