{"sqd_energy": -383.67689834492126, "best_batch": 0, "samples_per_batch": 27000, "addresses_alpha": 5359, "addresses_beta": 11380, "dice_subspace_dimension": 280194121, "pyscf_subspace_dimension": 60985420, "ground_state_support": 340, "variance": 6.405881646022118e-07, "error_fci": 0.0027187941862507614}