{"sqd_energy": -389.4310572966193, "best_batch": 0, "samples_per_batch": 4000, "addresses_alpha": 5305, "addresses_beta": 5305, "dice_subspace_dimension": 28143025, "pyscf_subspace_dimension": 28143025, "ground_state_support": 323, "variance": 1.0218067338638147e-06, "error_fci": 0.004439007690564267}