{"sqd_energy": -389.4330963086967, "best_batch": 0, "samples_per_batch": 7000, "addresses_alpha": 7790, "addresses_beta": 7790, "dice_subspace_dimension": 60684100, "pyscf_subspace_dimension": 60684100, "ground_state_support": 360, "variance": 5.437611466537953e-07, "error_fci": 0.002399995613188821}