{"sqd_energy": -389.4286324657245, "best_batch": 0, "samples_per_batch": 3000, "addresses_alpha": 4297, "addresses_beta": 4297, "dice_subspace_dimension": 18464209, "pyscf_subspace_dimension": 18464209, "ground_state_support": 195, "variance": 1.5677593573653203e-06, "error_fci": 0.0068638385853887485}