{"GW": 6.24,
"Expt": [5.1, 5.95],  
"DFT": 4.5, 
"DFT+U": 5.18, 
"DFT+V": 4.60, 
"DFT+U+V": 5.27, 
"hf": 5.64342981680943, 
"ccsd": 5.638715654515977, 
"ccsdt": 5.638694052743176, 
"hci": 5.63697318812774, 
"fci": 5.63697318812649, 
"sqd": 8.811586593410311, 
"ext_sqd": 5.614227151423506,
"tb":4.499410420775689,
"u":4.499410421195989,
"v":5.584809216619647}