{"sqd_energy": -389.53244124860305, "best_batch": 0, "samples_per_batch": 4000, "addresses_alpha": 2734, "addresses_beta": 3519, "dice_subspace_dimension": 39100009, "pyscf_subspace_dimension": 9620946, "ground_state_support": 55, "variance": 4.899807618898998e-06, "error_fci": 0.021961032782712664}