{"sqd_energy": -389.5372901561972, "best_batch": 0, "samples_per_batch": 6000, "addresses_alpha": 3746, "addresses_beta": 4995, "dice_subspace_dimension": 76405081, "pyscf_subspace_dimension": 18711270, "ground_state_support": 133, "variance": 3.833130907434433e-06, "error_fci": 0.01711212518858929}