{"sqd_energy": -389.52908170616513, "best_batch": 0, "samples_per_batch": 1000, "addresses_alpha": 873, "addresses_beta": 964, "dice_subspace_dimension": 3374569, "pyscf_subspace_dimension": 841572, "ground_state_support": 8, "variance": 5.639370414998333e-06, "error_fci": 0.02532057522063269}