{"sqd_energy": -389.5321827387799, "best_batch": 0, "samples_per_batch": 2000, "addresses_alpha": 1572, "addresses_beta": 1867, "dice_subspace_dimension": 11826721, "pyscf_subspace_dimension": 2934924, "ground_state_support": 26, "variance": 4.9575899427067905e-06, "error_fci": 0.02221954260585335}