{"sqd_energy": -389.5432639137049, "best_batch": 0, "samples_per_batch": 15000, "addresses_alpha": 7219, "addresses_beta": 10233, "dice_subspace_dimension": 304572304, "pyscf_subspace_dimension": 73872027, "ground_state_support": 548, "variance": 2.4884384169345774e-06, "error_fci": 0.011138367680871397}