{"hci_energy": -389.5379394415852, "max_iter": 100, "addresses_alpha": 5, "addresses_beta": 5, "subspace_dimension": 25, "ground_state_support": 8, "variance": 3.66950898899312e-06, "error_fci": 0.016462839800567508}