{"hci_energy": -389.54074134781507, "max_iter": 100, "addresses_alpha": 6, "addresses_beta": 6, "subspace_dimension": 36, "ground_state_support": 11, "variance": 3.018247836410271e-06, "error_fci": 0.013660933570690759}