{"hci_energy": -389.5434471791367, "max_iter": 100, "addresses_alpha": 8, "addresses_beta": 8, "subspace_dimension": 64, "ground_state_support": 15, "variance": 2.396233802661951e-06, "error_fci": 0.010955102249056381}