{"hci_energy": -389.55362420740585, "max_iter": 100, "addresses_alpha": 15, "addresses_beta": 15, "subspace_dimension": 225, "ground_state_support": 65, "variance": 1.606873269517823e-07, "error_fci": 0.0007780739799159164}