{"hci_energy": -389.5274877276549, "max_iter": 100, "addresses_alpha": 1, "addresses_beta": 1, "subspace_dimension": 1, "ground_state_support": 1, "variance": 5.987844137472337e-06, "error_fci": 0.026914553730875923}