{"hci_energy": -389.55179692160556, "max_iter": 100, "addresses_alpha": 13, "addresses_beta": 13, "subspace_dimension": 169, "ground_state_support": 39, "variance": 5.602883685835463e-07, "error_fci": 0.002605359780204708}