{"hci_energy": -389.55440228138434, "max_iter": 100, "addresses_alpha": 85, "addresses_beta": 188, "subspace_dimension": 15980, "ground_state_support": 1219, "variance": 1.9178468279969805e-16, "error_fci": 1.4210854715202004e-12}