{"hci_energy": -389.5368978419002, "max_iter": 100, "addresses_alpha": 4, "addresses_beta": 4, "subspace_dimension": 16, "ground_state_support": 7, "variance": 3.908807813736933e-06, "error_fci": 0.017504439485549028}