{"hci_energy": -389.5540422491869, "max_iter": 100, "addresses_alpha": 15, "addresses_beta": 19, "subspace_dimension": 285, "ground_state_support": 86, "variance": 7.194124998889331e-08, "error_fci": 0.00036003219884150894}