{"hci_energy": -389.5414979475547, "max_iter": 100, "addresses_alpha": 7, "addresses_beta": 7, "subspace_dimension": 49, "ground_state_support": 12, "variance": 2.8425461764746854e-06, "error_fci": 0.012904333831045278}