{"hci_energy": -389.549970289151, "max_iter": 100, "addresses_alpha": 12, "addresses_beta": 12, "subspace_dimension": 144, "ground_state_support": 31, "variance": 9.67119593167177e-07, "error_fci": 0.0044319922347426655}