{"hci_energy": -389.54643892125995, "max_iter": 100, "addresses_alpha": 10, "addresses_beta": 10, "subspace_dimension": 100, "ground_state_support": 21, "variance": 1.760897160570852e-06, "error_fci": 0.007963360125813779}