{"hci_energy": -389.55124567984785, "max_iter": 100, "addresses_alpha": 12, "addresses_beta": 12, "subspace_dimension": 144, "ground_state_support": 36, "variance": 6.765463262110184e-07, "error_fci": 0.0031566015379098644}