{"hci_energy": -389.53067233601837, "max_iter": 100, "addresses_alpha": 2, "addresses_beta": 2, "subspace_dimension": 4, "ground_state_support": 3, "variance": 5.2915543744452905e-06, "error_fci": 0.023729945367392702}