{"hci_energy": -389.55270889008654, "max_iter": 100, "addresses_alpha": 13, "addresses_beta": 13, "subspace_dimension": 169, "ground_state_support": 50, "variance": 3.6107178703832465e-07, "error_fci": 0.0016933912992271871}