{"sqd_energy": -383.67961713910614, "best_batch": 0, "samples_per_batch": 6, "addresses_alpha": 232, "addresses_beta": 260, "dice_subspace_dimension": 242064, "pyscf_subspace_dimension": 60320, "ground_state_support": 398, "variance": -1.977027433380643e-16, "error_fci": 1.3642420526593924e-12}