{"sqd_energy": -383.679617139107, "best_batch": 0, "samples_per_batch": 10, "addresses_alpha": 328, "addresses_beta": 368, "dice_subspace_dimension": 484416, "pyscf_subspace_dimension": 120704, "ground_state_support": 398, "variance": -1.6409327697058774e-14, "error_fci": 5.115907697472721e-13}