{"sqd_energy": -383.6735588901346, "best_batch": 0, "samples_per_batch": 2, "addresses_alpha": 128, "addresses_beta": 73, "dice_subspace_dimension": 40401, "pyscf_subspace_dimension": 9344, "ground_state_support": 160, "variance": 1.398288630719653e-06, "error_fci": 0.006058248972919955}