{"sqd_energy": -383.679617139107, "best_batch": 0, "samples_per_batch": 9, "addresses_alpha": 294, "addresses_beta": 338, "dice_subspace_dimension": 399424, "pyscf_subspace_dimension": 99372, "ground_state_support": 398, "variance": -1.5816219467044614e-14, "error_fci": 5.115907697472721e-13}