{"sqd_energy": -383.67595314430065, "best_batch": 0, "samples_per_batch": 3, "addresses_alpha": 174, "addresses_beta": 128, "dice_subspace_dimension": 91204, "pyscf_subspace_dimension": 22272, "ground_state_support": 252, "variance": 8.526510379329597e-07, "error_fci": 0.003663994806856863}