{"sqd_energy": -383.6723600972949, "best_batch": 0, "samples_per_batch": 1, "addresses_alpha": 66, "addresses_beta": 73, "dice_subspace_dimension": 19321, "pyscf_subspace_dimension": 4818, "ground_state_support": 100, "variance": 1.6698641007535255e-06, "error_fci": 0.007257041812579246}