{"sqd_energy": -383.67839707550735, "best_batch": 0, "samples_per_batch": 8, "addresses_alpha": 271, "addresses_beta": 341, "dice_subspace_dimension": 374544, "pyscf_subspace_dimension": 92411, "ground_state_support": 377, "variance": 2.849654932871873e-07, "error_fci": 0.0012200636001580278}