{"sqd_energy": -383.6783970755073, "best_batch": 0, "samples_per_batch": 7, "addresses_alpha": 237, "addresses_beta": 290, "dice_subspace_dimension": 277729, "pyscf_subspace_dimension": 68730, "ground_state_support": 377, "variance": 2.8496549249637194e-07, "error_fci": 0.0012200636002148713}