{"sqd_energy": -338.1575400120088, "best_batch": 0, "samples_per_batch": 12000, "addresses_alpha": 9472, "addresses_beta": 11696, "dice_subspace_dimension": 448084224, "pyscf_subspace_dimension": 110784512, "ground_state_support": 14, "variance": 9.904948237631089e-06}