{"sqd_energy": -338.1575343228051, "best_batch": 0, "samples_per_batch": 4000, "addresses_alpha": 3569, "addresses_beta": 3967, "dice_subspace_dimension": 56791296, "pyscf_subspace_dimension": 14158223, "ground_state_support": 4, "variance": 9.906082566053612e-06}