{"sqd_energy": -338.1575343228059, "best_batch": 0, "samples_per_batch": 6000, "addresses_alpha": 5140, "addresses_beta": 5914, "dice_subspace_dimension": 122190916, "pyscf_subspace_dimension": 30397960, "ground_state_support": 5, "variance": 9.906082564271966e-06}