{"sqd_energy": -338.1575343228091, "best_batch": 0, "samples_per_batch": 10000, "addresses_alpha": 8077, "addresses_beta": 9787, "dice_subspace_dimension": 319122496, "pyscf_subspace_dimension": 79049599, "ground_state_support": 6, "variance": 9.906082565417085e-06}