{"sqd_energy": -338.1575286167693, "best_batch": 0, "samples_per_batch": 2000, "addresses_alpha": 1855, "addresses_beta": 1994, "dice_subspace_dimension": 14814801, "pyscf_subspace_dimension": 3698870, "ground_state_support": 2, "variance": 9.907355171580445e-06}