{"sqd_energy": -338.15753432280945, "best_batch": 0, "samples_per_batch": 8000, "addresses_alpha": 6632, "addresses_beta": 7858, "dice_subspace_dimension": 209960100, "pyscf_subspace_dimension": 52114256, "ground_state_support": 6, "variance": 9.906082554218449e-06}