{"hci_energy": -337.9010607940959, "max_iter": 100, "addresses_alpha": 410, "addresses_beta": 410, "subspace_dimension": 168100, "ground_state_support": 5470, "variance": -4.205861678552383e-15, "space_fraction": 1.9457179441038616e-06}