{"hci_energy": -337.9007128709484, "max_iter": 100, "addresses_alpha": 19, "addresses_beta": 19, "subspace_dimension": 361, "ground_state_support": 92, "variance": 1.0635750812447674e-07, "space_fraction": 4.178490052477657e-09}