{"hci_energy": -337.9000268538644, "max_iter": 100, "addresses_alpha": 13, "addresses_beta": 13, "subspace_dimension": 169, "ground_state_support": 49, "variance": 3.4550942393104125e-07, "space_fraction": 1.956135232323335e-09}