{"hci_energy": -337.90048179719906, "max_iter": 100, "addresses_alpha": 15, "addresses_beta": 15, "subspace_dimension": 225, "ground_state_support": 72, "variance": 1.7505790293211107e-07, "space_fraction": 2.6043220548683456e-09}