{"hci_energy": -337.9007029733076, "max_iter": 100, "addresses_alpha": 19, "addresses_beta": 19, "subspace_dimension": 361, "ground_state_support": 90, "variance": 1.1028482873052635e-07, "space_fraction": 4.178490052477657e-09}