{"hci_energy": -337.90087173542173, "max_iter": 100, "addresses_alpha": 30, "addresses_beta": 30, "subspace_dimension": 900, "ground_state_support": 130, "variance": 6.028018716045468e-08, "space_fraction": 1.0417288219473383e-08}