{"hci_energy": -337.90041140912524, "max_iter": 100, "addresses_alpha": 13, "addresses_beta": 13, "subspace_dimension": 169, "ground_state_support": 66, "variance": 2.009404310512462e-07, "space_fraction": 1.956135232323335e-09}