{"hci_energy": -337.9008488760413, "max_iter": 100, "addresses_alpha": 27, "addresses_beta": 27, "subspace_dimension": 729, "ground_state_support": 120, "variance": 7.104083339910869e-08, "space_fraction": 8.43800345777344e-09}