{"hci_energy": -337.8999660867657, "max_iter": 100, "addresses_alpha": 13, "addresses_beta": 13, "subspace_dimension": 169, "ground_state_support": 47, "variance": 3.695884782308811e-07, "space_fraction": 1.956135232323335e-09}