{"hci_energy": -337.9008828999507, "max_iter": 100, "addresses_alpha": 30, "addresses_beta": 30, "subspace_dimension": 900, "ground_state_support": 136, "variance": 5.413173865195279e-08, "space_fraction": 1.0417288219473383e-08}