{"hci_energy": -337.9001774715037, "max_iter": 100, "addresses_alpha": 13, "addresses_beta": 13, "subspace_dimension": 169, "ground_state_support": 55, "variance": 2.897527590558291e-07, "space_fraction": 1.956135232323335e-09}