{"hci_energy": -337.90035215668877, "max_iter": 100, "addresses_alpha": 13, "addresses_beta": 13, "subspace_dimension": 169, "ground_state_support": 62, "variance": 2.2372164609211323e-07, "space_fraction": 1.956135232323335e-09}