{"hci_energy": -337.89974789965885, "max_iter": 100, "addresses_alpha": 13, "addresses_beta": 13, "subspace_dimension": 169, "ground_state_support": 40, "variance": 4.551282270626732e-07, "space_fraction": 1.956135232323335e-09}