{"hci_energy": -337.90053667094844, "max_iter": 100, "addresses_alpha": 15, "addresses_beta": 15, "subspace_dimension": 225, "ground_state_support": 74, "variance": 1.5492902350706415e-07, "space_fraction": 2.6043220548683456e-09}