{"hci_energy": -337.90069212925084, "max_iter": 100, "addresses_alpha": 19, "addresses_beta": 19, "subspace_dimension": 361, "ground_state_support": 88, "variance": 1.1439030730245815e-07, "space_fraction": 4.178490052477657e-09}