{"hci_energy": -337.90008460720634, "max_iter": 100, "addresses_alpha": 13, "addresses_beta": 13, "subspace_dimension": 169, "ground_state_support": 51, "variance": 3.238542924430866e-07, "space_fraction": 1.956135232323335e-09}