{"hci_energy": -337.8997702006585, "max_iter": 100, "addresses_alpha": 13, "addresses_beta": 13, "subspace_dimension": 169, "ground_state_support": 41, "variance": 4.461387758197625e-07, "space_fraction": 1.956135232323335e-09}