{"hci_energy": -337.9008547848655, "max_iter": 100, "addresses_alpha": 28, "addresses_beta": 28, "subspace_dimension": 784, "ground_state_support": 124, "variance": 6.885382083164021e-08, "space_fraction": 9.074615515630147e-09}