{"hci_energy": -337.9010463915812, "max_iter": 100, "addresses_alpha": 34, "addresses_beta": 34, "subspace_dimension": 1156, "ground_state_support": 228, "variance": 5.950865912003968e-09, "space_fraction": 1.3380427979679144e-08}