{"hci_energy": -337.9003079118364, "max_iter": 100, "addresses_alpha": 13, "addresses_beta": 13, "subspace_dimension": 169, "ground_state_support": 61, "variance": 2.397826927242672e-07, "space_fraction": 1.956135232323335e-09}