{"hci_energy": -337.9007820614042, "max_iter": 100, "addresses_alpha": 23, "addresses_beta": 23, "subspace_dimension": 529, "ground_state_support": 106, "variance": 8.848205813184205e-08, "space_fraction": 6.123050520112688e-09}