{"sqd_energy": -337.901046219688, "best_batch": 0, "samples_per_batch": 2, "addresses_alpha": 4550, "addresses_beta": 4550, "dice_subspace_dimension": 20702500, "pyscf_subspace_dimension": 20702500, "ground_state_support": 3755, "variance": 7.266127174046805e-09}