{"sqd_energy": -337.90106044319344, "best_batch": 0, "samples_per_batch": 3, "addresses_alpha": 5495, "addresses_beta": 5495, "dice_subspace_dimension": 30195025, "pyscf_subspace_dimension": 30195025, "ground_state_support": 4452, "variance": -1.1215631166100755e-14}