{"sqd_energy": -337.90106052702225, "best_batch": 0, "samples_per_batch": 4, "addresses_alpha": 7482, "addresses_beta": 7482, "dice_subspace_dimension": 55980324, "pyscf_subspace_dimension": 55980324, "ground_state_support": 4748, "variance": -7.647021245819901e-15}