{"sqd_energy": -337.90106052702254, "best_batch": 0, "samples_per_batch": 5001, "addresses_alpha": 7482, "addresses_beta": 7482, "dice_subspace_dimension": 55980324, "pyscf_subspace_dimension": 55980324, "ground_state_support": 4750, "variance": -6.7548687671409096e-15}