{"sqd_energy": -389.43549630430897, "best_batch": 0, "samples_per_batch": 5, "addresses_alpha": 311, "addresses_beta": 311, "dice_subspace_dimension": 96721, "pyscf_subspace_dimension": 96721, "ground_state_support": 398, "variance": -1.5927850691134324e-14, "error_fci": 9.094947017729282e-13}