{"sqd_energy": -389.43063739612785, "best_batch": 0, "samples_per_batch": 3, "addresses_alpha": 142, "addresses_beta": 142, "dice_subspace_dimension": 20164, "pyscf_subspace_dimension": 20164, "ground_state_support": 254, "variance": 1.093422821617327e-06, "error_fci": 0.004858908182029609}