{"sqd_energy": -389.4306373961274, "best_batch": 0, "samples_per_batch": 2, "addresses_alpha": 142, "addresses_beta": 142, "dice_subspace_dimension": 20164, "pyscf_subspace_dimension": 20164, "ground_state_support": 254, "variance": 1.093422843686587e-06, "error_fci": 0.004858908182484356}